{"val_loss":{"0":0.0535272464,"1":0.0504712496},"val_accuracy":{"0":0.9799467325,"1":0.9811475277},"loss":{"0":0.0689165663,"1":0.0523297881},"accuracy":{"0":0.9772524238,"1":0.9812147021}}