{"val_loss":{"0":0.0624528014,"1":0.0582334179},"val_accuracy":{"0":0.9780015349,"1":0.9793459773},"loss":{"0":0.0709598717,"1":0.0491622424},"accuracy":{"0":0.9767744541,"1":0.9819874763}}