{"val_loss":{"0":0.0600189447,"1":0.0757671803},"val_accuracy":{"0":0.9803251028,"1":0.9799854159},"loss":{"0":0.0681378228,"1":0.0380191581},"accuracy":{"0":0.9780104756,"1":0.9862853289}}