{"val_loss":{"0":0.0496762073,"1":0.0487401587},"val_accuracy":{"0":0.9823494554,"1":0.9819834828},"loss":{"0":0.0742789711,"1":0.0460171101},"accuracy":{"0":0.9766799212,"1":0.9828189015}}